Id,ItemId,Charm,Niboshi,GomenSleep,Grooming,Z,ConflictIndices,ActionNames,ActionIds,ActionWeights,ActionNames2,ActionIds2,ActionWeights2,GoodsAnimeId,GoodsAnimeId2
10,1,100,100,False,False,0,"","","","","","","","",""
20,2,90,100,False,False,0,"","","","","","","","",""
30,3,90,100,False,False,0,"","","","","","","","",""
40,4,10,100,False,False,0,"","","","","","","","",""
50,5,10,100,False,False,0,"","","","","","","","",""
60,6,90,100,False,False,0,"","","","","","","","",""
70,7,100,100,False,False,0,"","","","","","","","",""
1000,100,100,100,True,True,0,"","01ball_base;100","0;0","","","","","0;1",""
1010,101,100,100,True,True,0,"","01ball_gum","0","","01ball_gum_break;01ball_gum_break","0;1","10;5","",""
1020,102,100,100,True,True,0,"","01ball_gum","0","","01ball_gum_break;01ball_gum_break","0;1","10;5","",""
1030,103,100,100,True,True,0,"","01ball_gum","0","","01ball_gum_break;01ball_gum_break","0;1","10;5","",""
1040,104,100,100,True,True,0,"","01ball_gum","0","","01ball_gum_break;01ball_gum_break","0;1","10;5","",""
1050,105,100,100,True,True,0,"","01ball_soccer","0","","01ball_gum_break;01ball_gum_break","0;1","10;5","",""
1060,106,100,100,True,True,0,"","01ball_pingpong","0","","","","","",""
1070,107,100,100,True,True,0,"","01ball_soccer","0","","","","","",""
1080,108,100,100,True,True,0,"","01ball_base","0","","","","","",""
1090,109,100,100,True,True,0,"","01ball_soccer","0","","","","","",""
1100,110,100,100,True,True,0,"","01ball_base","0","","","","","",""
1110,111,100,100,True,True,0,"","01ball_soccer;112","0;0","","01ball_gum_break;01ball_gum_break","0;1","10;5","0;1",""
1120,112,90,70,True,True,0,"","02danbo_paper;02danbo_paper","0;1","","07fukuro_kami_break","1","","",""
1130,113,100,100,True,True,0,"","02danbo_s","0","","","","","",""
1140,114,100,100,True,True,0,"","02danbo_s","0","","","","","",""
1150,115,100,100,True,True,0,"","02danbo_s","0","","","","","",""
1160,116,100,100,True,True,0,"","02danbo_m","0","","","","","",""
1170,117,100,100,True,True,0,"","00kihon_nesoberi;00kihon_nesoberi;00kihon_nesoberi;00kihon_suwari;00kihon_suwari","0;1;2;0;1","10;1;1;5;1","","","","",""
1180,118,100,100,True,True,0,"","02danbo_car","0","","","","","",""
1190,119,100,100,True,True,0,"","00kihon_suwari;00kihon_tachi;00kihon_tachi;00kihon_suwari","0;0;1;1","","","","","",""
1200,120,100,100,True,True,0,"","00kihon_suwari;00kihon_tachi;00kihon_tachi;00kihon_suwari","0;0;1;1","","","","","",""
1201,120,100,100,True,True,-1,"","00kihon_suwari","0","","","","","",""
1210,121,90,80,True,True,0,"","00kihon_tachi;00kihon_tachi;00kihon_suwari;00kihon_suwari;00kihon_nesoberi;00kihon_nesoberi","0;1;0;1;0;2","","","","","",""
1211,121,90,80,True,True,0,"","00kihon_kaodashi;00kihon_kaodashi","0;1","","","","","",""
1212,121,90,70,True,True,0,"","00kihon_kaodashi;00kihon_kaodashi","0;1","","","","","",""
1220,122,100,80,True,True,0,"","00kihon_tachi;00kihon_tachi;00kihon_suwari;00kihon_suwari;00kihon_nesoberi;00kihon_nesoberi","0;1;0;1;0;2","","","","","",""
1221,122,100,80,True,True,0.1,"","00kihon_tachi;00kihon_tachi;00kihon_suwari;00kihon_suwari","0;1;0;1","","","","","",""
1222,122,100,70,True,True,0,"","00kihon_nesoberi;00kihon_nesoberi;00kihon_tachi;00kihon_suwari;00kihon_suwari;00kihon_nesoberi","0;2;1;0;1;1","","","","","",""
1230,123,100,80,True,True,0,"","00kihon_kaodashi","1","","","","","",""
1231,123,100,70,True,True,0,"","00kihon_nesoberi;00kihon_nesoberi;00kihon_nesoberi;00kihon_suwari;00kihon_tachi;00kihon_tachi","0;1;2;0;0;1","","","","","",""
1232,123,100,70,True,True,0,"","00kihon_kaodashi;00kihon_kaodashi;05tunnel","0;1;6","","","","","",""
1233,123,100,80,True,True,0,"","02danbo_m;107","0;1","","","","","",""
1240,124,100,100,True,True,0,"","00kihon_suwari;00kihon_suwari;00kihon_tsume_yoko","0;1;0","1;1;2","","","","",""
1241,124,100,100,True,True,0,"","00kihon_suwari;00kihon_suwari;00kihon_tsume_yoko","0;1;0","1;1;2","","","","",""
1250,125,100,100,True,True,0,"","00kihon_nesoberi;00kihon_nesoberi;00kihon_nesoberi;00kihon_suwari;00kihon_suwari","0;1;2;0;1","","","","","",""
1260,126,100,100,True,True,0,"","00kihon_nesoberi;00kihon_nesoberi;00kihon_nesoberi;00kihon_suwari;00kihon_suwari","0;1;2;0;1","","","","","",""
1270,127,100,100,True,True,0,"","00kihon_nesoberi;00kihon_nesoberi;00kihon_nesoberi;00kihon_suwari;00kihon_suwari","0;1;2;0;1","","","","","",""
1280,128,100,100,True,True,0,"","00kihon_nesoberi;00kihon_nesoberi;00kihon_nesoberi;00kihon_suwari;00kihon_suwari","0;1;2;0;1","","","","","",""
1290,129,100,100,True,True,0,"","00kihon_nesoberi;00kihon_nesoberi;00kihon_nesoberi;00kihon_suwari;00kihon_suwari;109","0;1;2;0;1;1","","","","","",""
1300,130,100,100,True,True,0,"","00kihon_nesoberi;00kihon_nesoberi;00kihon_nesoberi;00kihon_suwari;00kihon_suwari","0;1;2;0;1","","","","","",""
1310,131,100,100,True,True,0,"","00kihon_nesoberi;00kihon_nesoberi;00kihon_nesoberi;00kihon_suwari;00kihon_suwari","0;1;2;0;1","","","","","",""
1320,132,100,100,True,True,0,"","00kihon_nesoberi;00kihon_nesoberi;00kihon_nesoberi;00kihon_suwari;00kihon_suwari","0;1;2;0;1","","","","","",""
1330,133,100,100,True,True,0,"","00kihon_nesoberi;00kihon_nesoberi;00kihon_nesoberi;00kihon_suwari;00kihon_suwari","0;1;2;0;1","","","","","",""
1340,134,100,100,True,True,0,"","00kihon_nesoberi;00kihon_nesoberi;00kihon_nesoberi;00kihon_suwari;00kihon_suwari","0;1;2;0;1","","","","","",""
1350,135,100,100,True,True,0,"","00kihon_nesoberi;00kihon_nesoberi;00kihon_nesoberi;00kihon_suwari;00kihon_suwari","0;1;2;0;1","","","","","",""
1360,136,100,80,True,True,0,"","00kihon_nesoberi;00kihon_nesoberi;00kihon_nesoberi;00kihon_suwari;00kihon_suwari","0;1;2;0;1","","","","","",""
1370,137,100,80,True,True,0,"","00kihon_nesoberi;00kihon_nesoberi;00kihon_nesoberi;00kihon_suwari;00kihon_suwari","0;1;2;0;1","","","","","",""
1380,138,100,100,True,True,0,"","00kihon_nesoberi;00kihon_nesoberi;00kihon_nesoberi;00kihon_suwari;00kihon_suwari","0;1;2;0;1","","","","","",""
1390,139,100,100,True,True,0,"","00kihon_nesoberi;00kihon_nesoberi;00kihon_nesoberi;00kihon_suwari;00kihon_suwari","0;1;2;0;1","","","","","",""
1400,140,100,100,True,True,0,"","00kihon_nesoberi;00kihon_nesoberi;00kihon_nesoberi;00kihon_suwari;00kihon_suwari","0;1;2;0;1","","","","","",""
1410,141,100,100,True,True,0,"","00kihon_nesoberi;00kihon_nesoberi;00kihon_nesoberi;00kihon_suwari;00kihon_suwari","0;1;2;0;1","","","","","",""
1420,142,100,100,True,True,0,"","00kihon_nesoberi;00kihon_nesoberi;00kihon_nesoberi;00kihon_suwari;00kihon_suwari","0;1;2;0;1","","","","","",""
1430,143,100,100,True,True,0,"","00kihon_nesoberi;00kihon_nesoberi;00kihon_nesoberi;00kihon_suwari;00kihon_suwari","0;1;2;0;1","","","","","",""
1440,144,100,100,True,True,0,"","00kihon_nesoberi;00kihon_nesoberi;00kihon_nesoberi;00kihon_suwari;00kihon_suwari","0;1;2;0;1","","","","","",""
1450,145,100,100,True,True,0,"","00kihon_nesoberi;00kihon_nesoberi;00kihon_nesoberi;00kihon_suwari;00kihon_suwari","0;1;2;0;1","","","","","",""
1460,146,100,100,True,True,0,"","00kihon_nesoberi;00kihon_nesoberi;00kihon_nesoberi;00kihon_suwari;00kihon_suwari","0;1;2;0;1","","","","","",""
1470,147,100,100,True,True,0,"","00kihon_nesoberi;00kihon_nesoberi;00kihon_nesoberi;00kihon_suwari;00kihon_suwari","0;1;2;0;1","","","","","",""
1480,148,100,100,True,True,0,"","00kihon_nesoberi;00kihon_nesoberi;00kihon_nesoberi;00kihon_suwari;00kihon_suwari","0;1;2;0;1","","","","","",""
1490,149,100,100,True,True,0,"","00kihon_nesoberi;00kihon_nesoberi;00kihon_suwari;00kihon_suwari","0;2;0;1","","","","","",""
1500,150,100,100,True,True,0,"","00kihon_nesoberi;00kihon_nesoberi;00kihon_suwari;00kihon_suwari","0;2;0;1","","","","","",""
1510,151,100,100,True,True,0,"","00kihon_nesoberi;00kihon_nesoberi;00kihon_suwari;00kihon_suwari","0;2;0;1","","","","","",""
1520,152,100,100,True,True,0,"","00kihon_nesoberi;00kihon_nesoberi;00kihon_nesoberi;00kihon_suwari;00kihon_suwari","0;1;2;0;1","","","","","",""
1530,153,100,100,True,True,0,"","00kihon_nesoberi;00kihon_nesoberi;00kihon_nesoberi;00kihon_suwari;00kihon_suwari","0;1;2;0;1","","","","","",""
1540,154,100,100,True,True,0,"","00kihon_nesoberi;00kihon_nesoberi;00kihon_nesoberi;00kihon_suwari;00kihon_suwari","0;1;2;0;1","","","","","",""
1550,155,100,100,True,True,0,"","00kihon_nesoberi;00kihon_nesoberi;00kihon_nesoberi;00kihon_suwari;00kihon_suwari;102","0;1;2;0;1;1","","","","","",""
1560,156,100,100,True,True,0,"","00kihon_nesoberi;00kihon_nesoberi;00kihon_nesoberi","0;1;2","","","","","",""
1561,156,100,100,True,True,0,"","00kihon_nesoberi;00kihon_nesoberi;00kihon_nesoberi;00kihon_suwari;00kihon_suwari","0;1;2;0;1","","","","","",""
1570,157,100,100,True,True,0,"","00kihon_nesoberi;00kihon_nesoberi;00kihon_nesoberi","0;1;2","","","","","",""
1571,157,100,100,True,True,0,"","00kihon_nesoberi;00kihon_nesoberi;00kihon_nesoberi;00kihon_suwari;00kihon_suwari","0;1;2;0;1","","","","","",""
1580,158,100,100,True,True,0,"","00kihon_nesoberi;00kihon_nesoberi;00kihon_nesoberi","0;1;2","","","","","",""
1581,158,100,100,True,True,0,"","00kihon_nesoberi;00kihon_nesoberi;00kihon_nesoberi;00kihon_suwari;00kihon_suwari","0;1;2;0;1","","","","","",""
1590,159,100,100,True,True,0,"","00kihon_nesoberi;00kihon_nesoberi;00kihon_nesoberi","0;1;2","","","","","",""
1591,159,100,100,True,True,0,"","00kihon_nesoberi;00kihon_nesoberi;00kihon_nesoberi;00kihon_suwari;00kihon_suwari","0;1;2;0;1","","","","","",""
1600,160,100,100,True,True,0,"","00kihon_nesoberi;00kihon_nesoberi;00kihon_nesoberi","0;1;2","","","","","",""
1601,160,100,100,True,True,0,"","00kihon_nesoberi;00kihon_nesoberi;00kihon_nesoberi;00kihon_suwari;00kihon_suwari","0;1;2;0;1","","","","","",""
1610,161,100,80,True,True,0,"","00kihon_nesoberi;00kihon_nesoberi;00kihon_nesoberi","0;1;2","","","","","",""
1611,161,100,80,True,True,0,"","00kihon_nesoberi;00kihon_nesoberi;00kihon_nesoberi;00kihon_suwari;00kihon_suwari","0;1;2;0;1","","","","","",""
1620,162,100,100,True,True,0,"","00kihon_nesoberi;00kihon_nesoberi;00kihon_nesoberi;00kihon_suwari;00kihon_suwari","0;1;2;0;1","","","","","",""
1630,163,100,100,True,True,0,"","00kihon_nesoberi;00kihon_nesoberi;00kihon_nesoberi;00kihon_suwari;00kihon_suwari","0;1;2;0;1","","","","","",""
1640,164,100,100,True,True,0,"","00kihon_nesoberi;00kihon_nesoberi;00kihon_nesoberi;00kihon_suwari;00kihon_suwari","0;1;2;0;1","","","","","",""
1650,165,100,100,True,True,0,"","10hachi_nabe","0","","","","","",""
1660,166,100,100,True,True,0,"","10hachi_ueki;05tunnel","0;3","","","","","0;1",""
1670,167,100,100,True,True,0,"","00kihon_nesoberi;00kihon_nesoberi;00kihon_nesoberi;00kihon_suwari;00kihon_suwari","0;1;2;0;1","","","","","",""
1680,168,100,100,True,True,0,"","00kihon_nesoberi;00kihon_nesoberi;00kihon_nesoberi;00kihon_suwari;00kihon_suwari","0;1;2;0;1","","","","","",""
1690,169,100,80,True,True,0,"","00kihon_nesoberi;00kihon_nesoberi;00kihon_nesoberi;00kihon_suwari;00kihon_suwari","0;1;2;0;1","","","","","",""
1691,169,100,80,True,True,0,"","00kihon_nesoberi;00kihon_nesoberi;00kihon_nesoberi;00kihon_suwari;00kihon_suwari","0;1;2;0;1","","","","","",""
1692,169,100,80,True,True,0,"","00kihon_nesoberi;00kihon_nesoberi;00kihon_nesoberi;00kihon_suwari;00kihon_suwari","0;1;2;0;1","","","","","",""
1700,170,100,100,True,True,0,"","00kihon_nesoberi;00kihon_nesoberi;00kihon_nesoberi;00kihon_suwari;00kihon_suwari","0;1;2;0;1","","","","","",""
1710,171,100,100,True,True,0,"","00kihon_nesoberi;00kihon_nesoberi;00kihon_nesoberi;00kihon_suwari;00kihon_suwari","0;1;2;0;1","","","","","",""
1720,172,100,100,True,True,0,"","00kihon_nesoberi;00kihon_nesoberi;00kihon_nesoberi;00kihon_suwari;00kihon_suwari","0;1;2;0;1","","","","","",""
1730,173,100,100,True,True,0,"","00kihon_nesoberi;00kihon_nesoberi;00kihon_nesoberi;00kihon_suwari;00kihon_suwari","0;1;2;0;1","","","","","",""
1740,174,100,100,True,True,0,"","03cushion_beads","0","","00kihon_nesoberi;00kihon_nesoberi;00kihon_nesoberi","0;1;2","","",""
1750,175,100,100,True,True,0,"","03cushion_beads","0","","00kihon_nesoberi;00kihon_nesoberi;00kihon_nesoberi","0;1;2","","",""
1760,176,100,100,True,True,0,"","03cushion_beads","0","","00kihon_nesoberi;00kihon_nesoberi;00kihon_nesoberi","0;1;2","","",""
1770,177,100,100,True,True,0,"","03cushion_beads","0","","00kihon_nesoberi;00kihon_nesoberi;00kihon_nesoberi","0;1;2","","",""
1780,178,100,100,True,True,0,"1","00kihon_tsume_tate","1","","","","","",""
1781,178,100,100,True,True,0,"0","03cushion_beads","0","","00kihon_nesoberi;00kihon_nesoberi;00kihon_nesoberi","0;1;2","","1","1;1;1"
1790,179,100,100,True,True,0,"1","00kihon_tsume_tate","1","","","","","",""
1791,179,100,100,True,True,0,"0","03cushion_beads","0","","00kihon_nesoberi;00kihon_nesoberi;00kihon_nesoberi","0;1;2","","1","1;1;1"
1800,180,100,110,True,True,0,"1","00kihon_tsume_tate","1","","","","","",""
1801,180,100,110,True,True,1,"0","03cushion_beads","0","","00kihon_nesoberi;00kihon_nesoberi;00kihon_nesoberi","0;1;2","","1","1;1;1"
1810,181,100,110,True,True,0,"1","00kihon_tsume_tate","1","","","","","",""
1811,181,100,110,True,True,1,"0","03cushion_beads","0","","00kihon_nesoberi;00kihon_nesoberi;00kihon_nesoberi","0;1;2","","1","1;1;1"
1820,182,100,110,True,True,0,"1","00kihon_tsume_tate","1","","","","","",""
1821,182,100,110,True,True,1,"0","03cushion_beads","0","","00kihon_nesoberi;00kihon_nesoberi;00kihon_nesoberi","0;1;2","","1","1;1;1"
1830,183,100,100,True,True,0,"","00kihon_nesoberi;00kihon_nesoberi;00kihon_nesoberi","0;1;2","","00kihon_nesoberi;00kihon_nesoberi","1;2","","",""
1840,184,100,100,True,True,0,"","00kihon_nesoberi;00kihon_nesoberi;00kihon_nesoberi","0;1;2","","00kihon_nesoberi;00kihon_nesoberi","1;2","","",""
1850,185,100,100,True,True,0,"","00kihon_nesoberi;00kihon_nesoberi;00kihon_nesoberi","0;1;2","","00kihon_nesoberi;00kihon_nesoberi","1;2","","",""
1860,186,100,100,True,True,0,"","00kihon_nesoberi;00kihon_nesoberi;116","1;2;1","","","","","",""
1870,187,100,100,True,True,0,"","00kihon_nesoberi;00kihon_nesoberi;00kihon_nesoberi","0;1;2","","","","","",""
1880,188,100,100,True,True,0,"","00kihon_kaodashi;00kihon_nesoberi;00kihon_nesoberi;00kihon_nesoberi","1;1;0;1","1;1;2;2","00kihon_nesoberi;00kihon_nesoberi;00kihon_nesoberi","1;0;2","","0;1;2;2",""
1890,189,100,100,True,True,0,"","00kihon_kaodashi;00kihon_nesoberi;00kihon_nesoberi;00kihon_nesoberi","1;1;0;1","1;1;2;2","00kihon_nesoberi;00kihon_nesoberi;00kihon_nesoberi","0;1;2","","0;1;2;2",""
1900,190,100,100,True,True,0,"","00kihon_kaodashi;00kihon_nesoberi;00kihon_nesoberi;00kihon_nesoberi","1;1;0;1","1;1;2;2","00kihon_nesoberi;00kihon_nesoberi;00kihon_nesoberi","0;1;2","","0;1;2;2",""
1910,191,100,100,True,True,0,"","00kihon_kaodashi;00kihon_nesoberi;00kihon_nesoberi;00kihon_nesoberi","1;1;0;1","1;1;2;2","00kihon_nesoberi;00kihon_nesoberi;00kihon_nesoberi","0;1;2","","0;1;2;2",""
1920,192,100,110,True,True,0,"","00kihon_kaodashi;00kihon_nesoberi;00kihon_nesoberi;00kihon_nesoberi","1;1;0;1","1;1;2;2","00kihon_nesoberi;00kihon_nesoberi;00kihon_nesoberi","0;1;2","","0;1;2;2",""
1930,193,100,100,True,True,0,"","00kihon_nesoberi;00kihon_nesoberi;00kihon_nesoberi","0;1;2","","","","","",""
1940,194,100,100,True,True,0,"","00kihon_nesoberi;00kihon_nesoberi;00kihon_nesoberi","0;1;2","","","","","",""
1950,195,100,100,True,True,0,"","00kihon_nesoberi;00kihon_nesoberi;00kihon_nesoberi","0;1;2","","","","","",""
1960,196,100,100,True,True,0,"","00kihon_nesoberi;00kihon_nesoberi;00kihon_nesoberi","0;1;2","","","","","",""
1961,196,100,100,True,True,0,"","00kihon_nesoberi","0","","","","","",""
1970,197,100,100,True,True,0,"","00kihon_nesoberi;00kihon_nesoberi;00kihon_nesoberi;00kihon_suwari;00kihon_suwari","0;1;2;0;1","","","","","",""
1980,198,100,100,True,True,0,"","03cushion_beads","0","","00kihon_nesoberi;00kihon_nesoberi;00kihon_nesoberi","0;1;2","","",""
1990,199,100,80,True,True,0,"","00kihon_nesoberi;00kihon_nesoberi;00kihon_nesoberi;00kihon_suwari;00kihon_suwari;108","0;1;2;0;1;1","","","","","0;0;0;0;0;-1",""
1991,199,100,80,True,True,0,"","00kihon_nesoberi;00kihon_nesoberi;00kihon_nesoberi;00kihon_suwari;00kihon_suwari","0;1;2;0;1","","","","","",""
2000,200,100,75,True,True,0,"","00kihon_nesoberi;00kihon_nesoberi;00kihon_nesoberi;00kihon_suwari;00kihon_suwari;108","0;1;2;0;1;4","","","","","0;0;0;0;0;-1",""
2001,200,100,75,True,True,0,"","00kihon_nesoberi;00kihon_nesoberi;00kihon_nesoberi;00kihon_suwari;00kihon_suwari","0;1;2;0;1","","","","","",""
2010,201,100,100,True,True,0,"","12hammock;12hammock;12hammock","0;1;2","","","","","",""
2020,202,100,100,True,True,0,"","12hammock;12hammock;12hammock","0;1;2","","","","","",""
2030,203,100,100,True,True,0,"","12hammock;12hammock;12hammock","0;1;2","","","","","",""
2040,204,100,100,True,True,0,"","12hammock;12hammock;12hammock","0;1;2","","","","","",""
2050,205,100,100,True,True,0,"","00kihon_nesoberi;00kihon_nesoberi;00kihon_nesoberi;00kihon_suwari;00kihon_suwari","0;1;2;0;1","","","","","",""
2060,206,100,100,True,True,0,"","00kihon_nesoberi;00kihon_nesoberi;00kihon_nesoberi;00kihon_suwari;00kihon_suwari","0;1;2;0;1","","","","","",""
2070,207,100,80,True,True,0,"","00kihon_nesoberi;00kihon_nesoberi;00kihon_nesoberi;00kihon_suwari;00kihon_suwari","0;1;2;0;1","","","","","",""
2071,207,100,80,True,True,0,"","00kihon_nesoberi;00kihon_nesoberi;00kihon_nesoberi;00kihon_suwari;00kihon_suwari","0;1;2;0;1","","","","","",""
2080,208,100,100,True,True,0,"","00kihon_nesoberi;00kihon_nesoberi;00kihon_nesoberi","0;1;2","","","","","",""
2090,209,100,100,True,True,0,"","00kihon_nesoberi;00kihon_nesoberi;00kihon_nesoberi","0;1;2","","","","","",""
2100,210,100,100,True,True,0,"","00kihon_nesoberi;00kihon_nesoberi;00kihon_nesoberi;116","0;1;2;1","","","","","",""
2110,211,100,100,True,True,0,"","00kihon_nesoberi;00kihon_nesoberi;00kihon_nesoberi","0;1;2","","","","","",""
2120,212,100,70,True,True,0,"","00kihon_nesoberi;00kihon_nesoberi;00kihon_nesoberi","0;1;2","","","","","",""
2121,212,100,40,True,True,0,"","00kihon_nesoberi;00kihon_nesoberi;00kihon_nesoberi;00kihon_suwari;00kihon_suwari","0;1;2;0;1","","","","","",""
2130,213,100,70,True,True,0,"","00kihon_nesoberi;00kihon_nesoberi;00kihon_nesoberi","0;1;2","","","","","",""
2131,213,100,40,True,True,0,"","00kihon_nesoberi;00kihon_nesoberi;00kihon_nesoberi;00kihon_suwari;00kihon_suwari","0;1;2;0;1","","","","","",""
2140,214,100,120,True,True,0,"","00kihon_suwari;00kihon_kaodashi","0;1","","","","","0;1",""
2150,215,100,100,True,True,0,"","00kihon_kaodashi;00kihon_kaodashi","0;0","","","","","0;1",""
2160,216,100,100,True,True,0,"","00kihon_kaodashi;00kihon_kaodashi","0;0","","","","","0;1",""
2170,217,100,100,True,True,0,"","00kihon_kaodashi;00kihon_kaodashi","0;0","","","","","0;1",""
2180,218,100,100,True,True,0,"","00kihon_nesoberi;13blanket","2;0","","","","","0;1",""
2190,219,100,100,True,True,0,"","00kihon_nesoberi;13blanket","2;0","","","","","0;1",""
2200,220,100,100,True,True,0,"","00kihon_nesoberi;13blanket","2;0","","","","","0;1",""
2210,221,100,80,True,True,0,"","00kihon_nesoberi_dark;00kihon_nesoberi_dark;00kihon_nesoberi_dark;00kihon_suwari_dark;00kihon_suwari_dark","0;1;2;0;1","","","","","",""
2211,221,100,80,True,True,0,"","00kihon_nesoberi_dark;00kihon_nesoberi_dark;00kihon_nesoberi_dark;00kihon_suwari_dark;00kihon_suwari_dark","0;1;2;0;1","","","","","",""
2212,221,100,80,True,True,0,"","00kihon_nesoberi;00kihon_nesoberi;00kihon_nesoberi;00kihon_suwari;00kihon_suwari;00kihon_tachi","0;1;2;0;1;0","","","","","",""
2220,222,100,80,True,True,0,"","00kihon_nesoberi_dark;00kihon_nesoberi_dark;00kihon_nesoberi_dark;00kihon_suwari_dark;00kihon_suwari_dark","0;1;2;0;1","","","","","",""
2221,222,100,80,True,True,0,"","00kihon_nesoberi_dark;00kihon_nesoberi_dark;00kihon_nesoberi_dark;00kihon_suwari_dark;00kihon_suwari_dark","0;1;2;0;1","","","","","",""
2222,222,100,80,True,True,0,"","00kihon_nesoberi;00kihon_nesoberi;00kihon_nesoberi;00kihon_suwari;00kihon_suwari;00kihon_tachi","0;1;2;0;1;1","","","","","",""
2230,223,100,80,True,True,0,"","00kihon_nesoberi;00kihon_nesoberi;00kihon_nesoberi;00kihon_suwari;00kihon_suwari","0;1;2;0;1","","","","","",""
2231,223,100,80,True,True,0,"","00kihon_nesoberi_dark;00kihon_nesoberi_dark;00kihon_nesoberi_dark;00kihon_suwari_dark;00kihon_suwari_dark","0;1;2;0;1","","","","","",""
2232,223,100,80,True,True,0,"","00kihon_nesoberi_dark;00kihon_nesoberi_dark;00kihon_nesoberi_dark;00kihon_suwari_dark;00kihon_suwari_dark","0;1;2;0;1","","","","","",""
2233,223,100,80,True,True,0,"","00kihon_nesoberi","0","","","","","",""
2240,224,100,100,True,True,0,"","00kihon_nesoberi;00kihon_suwari;00kihon_suwari;00kihon_tachi;00kihon_tachi;00kihon_tsume_tate","0;0;1;0;1;0","","","","","",""
2241,224,100,100,True,True,0,"","00kihon_nesoberi;00kihon_suwari;00kihon_suwari;00kihon_tachi;00kihon_tachi","0;0;1;0;1","","","","","",""
2250,225,100,70,True,True,0,"","00kihon_nesoberi;00kihon_suwari;00kihon_suwari;00kihon_tachi;00kihon_tachi;00kihon_tsume_tate","0;0;1;0;1;0","","","","","",""
2251,225,100,70,True,True,0,"","00kihon_nesoberi;00kihon_suwari;00kihon_suwari;00kihon_tachi;00kihon_tachi;00kihon_tsume_tate","0;0;1;0;1;0","","","","","",""
2252,225,100,70,True,True,0,"","00kihon_nesoberi;00kihon_nesoberi;00kihon_nesoberi;00kihon_suwari;00kihon_tachi;00kihon_tachi","0;1;2;0;0;1","","","","","",""
2260,226,100,60,True,True,0,"","00kihon_nesoberi;00kihon_suwari;00kihon_suwari;00kihon_tachi;00kihon_tachi;00kihon_tsume_tate","0;0;1;0;1;0","","","","","",""
2261,226,100,60,True,True,0,"","00kihon_nesoberi;00kihon_suwari;00kihon_suwari;00kihon_tachi;00kihon_tachi;00kihon_tsume_tate","0;0;1;0;1;0","","","","","",""
2262,226,100,60,True,True,0,"","00kihon_nesoberi;00kihon_nesoberi;00kihon_nesoberi;00kihon_suwari;00kihon_tachi;00kihon_tachi","0;1;2;0;0;1","","","","","",""
2263,226,100,50,True,True,0,"","00kihon_kaodashi;00kihon_kaodashi","0;1","","","","","",""
2264,226,100,50,True,True,0,"","00kihon_nesoberi;00kihon_nesoberi;00kihon_nesoberi;00kihon_suwari;00kihon_tachi;00kihon_tachi","0;1;2;0;0;1","","","","","",""
2270,227,100,50,True,True,0,"","00kihon_nesoberi;00kihon_suwari;00kihon_suwari;00kihon_tachi;00kihon_tachi;00kihon_tsume_tate","0;0;1;0;1;0","","","","","",""
2271,227,100,50,True,True,0,"","00kihon_nesoberi;00kihon_suwari;00kihon_suwari;00kihon_tachi;00kihon_tachi","0;0;1;0;1","","","","","",""
2272,227,100,50,True,True,0,"","00kihon_kaodashi;00kihon_kaodashi","0;1","","","","","",""
2273,227,100,50,True,True,0,"","00kihon_nesoberi;00kihon_nesoberi;00kihon_nesoberi;00kihon_suwari;00kihon_tachi;00kihon_tachi","0;1;2;0;0;1","","","","","",""
2274,227,100,50,True,True,0,"","00kihon_kaodashi;00kihon_kaodashi","0;1","","","","","",""
2275,227,100,60,True,True,0,"","00kihon_nesoberi;00kihon_suwari;00kihon_suwari;00kihon_tachi;00kihon_tachi","0;0;1;0;1","","","","","",""
2280,228,100,60,True,True,0,"","00kihon_nesoberi;00kihon_nesoberi","0;2","","","","","",""
2281,228,100,65,True,True,0,"","00kihon_nesoberi;00kihon_nesoberi","0;2","","","","","",""
2282,228,100,70,True,True,0,"","00kihon_nesoberi;00kihon_nesoberi;00kihon_nesoberi","0;1;2","","","","","",""
2283,228,100,70,True,True,0,"","00kihon_nesoberi;00kihon_nesoberi;00kihon_suwari;00kihon_suwari","0;2;0;1","","","","","",""
2290,229,100,50,True,True,0,"","00kihon_nesoberi;00kihon_nesoberi;00kihon_nesoberi;00kihon_suwari;00kihon_tachi;00kihon_tachi","0;1;2;0;0;1","","","","","",""
2291,229,100,50,True,True,0,"","00kihon_nesoberi;00kihon_nesoberi;00kihon_nesoberi;00kihon_suwari;00kihon_tachi;00kihon_tachi","0;1;2;0;0;1","","","","","",""
2292,229,100,50,True,True,0,"","00kihon_nesoberi;00kihon_nesoberi;00kihon_nesoberi;00kihon_suwari;00kihon_tachi;00kihon_tachi","0;1;2;0;0;1","","","","","",""
2293,229,100,50,True,True,0,"","00kihon_nesoberi;00kihon_nesoberi;00kihon_nesoberi;00kihon_suwari;00kihon_tachi;00kihon_tachi","0;1;2;0;0;1","","","","","",""
2300,230,100,50,True,True,0,"","00kihon_nesoberi;00kihon_suwari;00kihon_suwari;00kihon_tachi;00kihon_tachi","0;0;1;0;1","","","","","",""
2301,230,100,50,True,True,0,"","00kihon_nesoberi;00kihon_suwari;00kihon_suwari;00kihon_tachi;00kihon_tachi","0;0;1;0;1","","","","","",""
2302,230,100,50,True,True,0,"","00kihon_nesoberi;00kihon_suwari;00kihon_suwari;00kihon_tachi;00kihon_tachi","0;0;1;0;1","","","","","",""
2303,230,100,50,True,True,0,"5;6","00kihon_nesoberi;00kihon_suwari;00kihon_suwari;00kihon_tachi;00kihon_tachi","0;0;1;0;1","","","","","",""
2304,230,100,50,True,True,0,"5;6","00kihon_nesoberi;00kihon_suwari;00kihon_suwari;00kihon_tachi;00kihon_tachi","0;0;1;0;1","","","","","",""
2305,230,100,50,True,True,0,"3;4","00kihon_nesoberi;117","0;1","","","","","",""
2306,230,100,50,True,True,0,"3;4","00kihon_nesoberi;118","0;1","","","","","",""
2310,231,100,50,True,True,0,"","00kihon_nesoberi;00kihon_nesoberi;00kihon_suwari;00kihon_suwari;00kihon_tachi;00kihon_tachi","0;1;0;1;0;1","","","","","",""
2311,231,100,50,True,True,0,"","00kihon_nesoberi;00kihon_nesoberi","0;2","","","","","",""
2312,231,100,50,True,True,0,"","00kihon_nesoberi;00kihon_nesoberi;00kihon_nesoberi;116","0;1;2;1","","","","","",""
2313,231,100,50,True,True,0,"","10hachi_ueki","0","","","","","",""
2314,231,100,50,True,True,0,"","10hachi_ueki","0","","","","","",""
2320,232,100,100,True,True,0,"","05tunnel;05tunnel;05tunnel","0;1;2","","","","","",""
2321,232,100,100,True,True,0,"","05tunnel","3","","","","","",""
2330,233,100,100,True,True,0,"","05tunnel;05tunnel;05tunnel","0;1;2","","","","","",""
2331,233,100,100,True,True,0,"","05tunnel;05tunnel;05tunnel","0;1;2","","","","","",""
2340,234,100,70,True,True,0,"","05tunnel;05tunnel;05tunnel","0;1;2","","","","","",""
2341,234,100,70,True,True,0,"","05tunnel","4","","","","","",""
2342,234,100,70,True,True,0,"","05tunnel","5","","","","","",""
2350,235,100,60,True,True,0,"","05tunnel;05tunnel;05tunnel","0;1;2","","","","","",""
2351,235,100,60,True,True,0,"","05tunnel","4","","","","","",""
2352,235,100,60,True,True,0,"","05tunnel","5","","","","","",""
2353,235,100,60,True,True,0,"","05tunnel","6","","","","","",""
2360,236,100,70,True,True,0,"","05tunnel;05tunnel;05tunnel","0;1;2","","","","","",""
2361,236,100,70,True,True,0,"","05tunnel","3","","","","","",""
2370,237,100,70,True,True,0,"","05tunnel;05tunnel;05tunnel","0;1;2","","","","","",""
2371,237,100,70,True,True,0,"","05tunnel","3","","","","","",""
2380,238,100,70,True,True,0,"","05tunnel;05tunnel;05tunnel","0;1;2","","","","","",""
2381,238,100,70,True,True,0,"","05tunnel;05tunnel;05tunnel","0;1;2","","","","","",""
2390,239,100,80,True,True,0,"","05tunnel","5","","","","","",""
2391,239,100,80,True,True,0,"","05tunnel;05tunnel;05tunnel","0;1;2","","","","","",""
2400,240,100,70,True,True,0,"","05tunnel;05tunnel;05tunnel","0;1;2","","","","","",""
2410,241,100,70,True,True,0,"","05tunnel;05tunnel;05tunnel","0;1;2","","","","","",""
2420,242,100,70,True,True,0,"","05tunnel;05tunnel;05tunnel","0;1;2","","","","","",""
2430,243,100,70,True,True,0,"","05tunnel;05tunnel;05tunnel","0;1;2","","","","","",""
2440,244,100,100,True,True,0,"","06jarashi_the;00kihon_nesoberi","0;1","3;1","","","","0;1",""
2450,245,100,100,True,True,0,"","06jarashi_hane;00kihon_nesoberi","0;1","3;1","","","","0;1",""
2460,246,100,100,True,True,0,"","06jarashi_the;00kihon_nesoberi","0;1","","","","","0;1",""
2470,247,100,100,True,True,0,"","06jarashi_the;00kihon_nesoberi","0;1","","","","","0;1",""
2480,248,100,100,True,True,0,"","06jarashi_the;00kihon_nesoberi","0;1","","","","","0;1",""
2490,249,100,100,True,True,0,"","06jarashi_nezumi;00kihon_nesoberi;101","0;1;0","3;1;1","","","","0;1;-1",""
2500,250,100,100,True,True,0,"","06jarashi_mushi;00kihon_nesoberi","0;1","3;1","","","","0;1",""
2510,251,100,100,True,True,0,"","06jarashi_kerigurumi;00kihon_nesoberi","0;1","","","","","0;1",""
2520,252,100,100,True,True,0,"","06jarashi_kerigurumi;00kihon_nesoberi","0;1","","","","","0;1",""
2530,253,100,100,True,True,0,"","06jarashi_kerigurumi;00kihon_nesoberi","0;1","","","","","0;1",""
2540,254,100,100,True,True,0,"","06jarashi_kerigurumi;00kihon_nesoberi","0;1","","","","","0;1",""
2550,255,100,100,True,True,0,"","06jarashi_kerigurumi;00kihon_nesoberi","0;1","","","","","0;1",""
2560,256,100,100,True,True,0,"","06jarashi_bunbun;06jarashi_punch;00kihon_nesoberi","0;0;1","","","","","0;1;2",""
2570,257,100,100,True,True,0,"","06jarashi_punch;00kihon_nesoberi","0;1","","","","","0;1",""
2580,258,100,100,True,True,0,"","06jarashi_rail;107","0;0","","","","","0;-1",""
2590,259,100,90,True,True,0,"","11kotatsu;11kotatsu;11kotatsu","0;1;2","","","","","",""
2591,259,100,90,True,True,0,"","11kotatsu;11kotatsu;11kotatsu","0;1;3","","","","","",""
2592,259,100,90,True,True,0,"","11kotatsu","4","","","","","",""
2593,259,100,60,True,True,0,"","00kihon_nesoberi;00kihon_nesoberi;00kihon_nesoberi;00kihon_suwari;00kihon_suwari","0;1;2;0;1","","","","","",""
2600,260,100,90,True,True,0,"","05tunnel;05tunnel","1;0","","","","","0;1",""
2601,260,100,90,True,True,0,"","05tunnel;05tunnel","1;0","","","","","",""
2602,260,100,90,True,True,0,"","05tunnel","5","","","","","",""
2603,260,100,60,True,True,0,"","00kihon_nesoberi;00kihon_nesoberi;00kihon_nesoberi","0;1;2","","","","","",""
2610,261,100,90,True,True,0,"","00kihon_nesoberi;00kihon_nesoberi;00kihon_nesoberi;00kihon_suwari;00kihon_suwari","0;1;2;0;1","","","","","",""
2611,261,100,90,True,True,0,"","00kihon_nesoberi;00kihon_nesoberi;00kihon_nesoberi;00kihon_suwari;00kihon_suwari","0;1;2;0;1","","","","","",""
2612,261,100,90,True,True,0,"","00kihon_nesoberi;00kihon_nesoberi;00kihon_nesoberi;00kihon_suwari;00kihon_suwari","0;1;2;0;1","","","","","",""
2613,261,100,65,True,True,0,"","00kihon_nesoberi;103","0;1","","","","","",""
2620,262,100,100,True,True,0,"","00kihon_nesoberi;00kihon_nesoberi;00kihon_nesoberi;00kihon_suwari;00kihon_suwari","0;1;2;0;1","","","","","",""
2630,263,100,100,True,True,0,"","00kihon_nesoberi;00kihon_nesoberi;00kihon_nesoberi;00kihon_suwari;00kihon_suwari","0;1;2;0;1","","","","","",""
2640,264,100,75,True,True,0,"","00kihon_nesoberi;00kihon_nesoberi;00kihon_nesoberi;00kihon_suwari;00kihon_suwari","0;1;2;0;1","","","","","",""
2641,264,100,75,True,True,0,"","00kihon_nesoberi;00kihon_nesoberi;00kihon_nesoberi;00kihon_suwari;00kihon_suwari","0;1;2;0;1","","","","","",""
2642,264,100,75,True,True,0,"","00kihon_nesoberi;00kihon_nesoberi;00kihon_nesoberi;00kihon_suwari;00kihon_suwari","0;1;2;0;1","","","","","",""
2650,265,100,80,True,True,0,"","00kihon_nesoberi;00kihon_nesoberi;00kihon_nesoberi;00kihon_suwari;00kihon_suwari","0;1;2;0;1","","","","","",""
2651,265,100,70,True,True,0,"","00kihon_nesoberi;00kihon_nesoberi;00kihon_nesoberi;00kihon_suwari;00kihon_suwari","0;1;2;0;1","","","","","",""
2652,265,100,60,True,True,0,"","00kihon_nesoberi;00kihon_nesoberi;00kihon_nesoberi;00kihon_suwari;00kihon_suwari","0;1;2;0;1","","","","","",""
2660,266,100,80,True,True,0,"","00kihon_nesoberi;00kihon_nesoberi;00kihon_nesoberi;00kihon_suwari;00kihon_suwari","0;1;2;0;1","","","","","",""
2661,266,100,70,True,True,0,"","00kihon_nesoberi;00kihon_nesoberi;00kihon_nesoberi;00kihon_suwari;00kihon_suwari","0;1;2;0;1","","","","","",""
2662,266,100,70,True,True,0,"","00kihon_nesoberi;00kihon_nesoberi;00kihon_nesoberi;00kihon_suwari;00kihon_suwari","0;1;2;0;1","","","","","",""
2670,267,100,80,True,True,0,"","00kihon_nesoberi;00kihon_nesoberi;00kihon_nesoberi;00kihon_suwari;00kihon_suwari","0;1;2;0;1","","","","","",""
2671,267,100,70,True,True,0,"","00kihon_nesoberi;00kihon_nesoberi;00kihon_nesoberi;00kihon_suwari;00kihon_suwari","0;1;2;0;1","","","","","",""
2672,267,100,60,True,True,0,"","00kihon_nesoberi;00kihon_nesoberi;00kihon_nesoberi;00kihon_suwari;00kihon_suwari","0;1;2;0;1","","","","","",""
2680,268,100,100,True,True,0,"","00kihon_kaodashi;05tunnel","0;2","","","","","0;1",""
2690,269,100,100,True,True,0,"","07fukuro_kami","0","","07fukuro_kami","0","","",""
2700,270,100,100,True,True,0,"","07fukuro_kami","0","","07fukuro_kami","0","","",""
2710,271,100,100,True,True,0,"","07fukuro_kami","0","","07fukuro_kami","0","","",""
2720,272,100,80,True,True,0,"","07fukuro_kami","0","","07fukuro_kami_break","1","","",""
2730,273,100,80,True,True,0,"","07fukuro_vinyl","0","","","","","",""
2740,274,100,100,True,True,0,"","00kihon_tsume_yoko","0","","","","","",""
2750,275,100,100,True,True,0,"","00kihon_tsume_tate","0","","","","","",""
2760,276,100,100,True,True,0,"","00kihon_tsume_tate","0","","","","","",""
2770,277,100,100,True,True,0,"","10hachi_nabe","0","","","","","",""
2780,278,100,100,True,True,0,"","10hachi_nabe;103","0;0","","","","","0;-1",""
2790,279,100,100,True,True,0,"","00kihon_suwari;00kihon_suwari;00kihon_kaodashi;06jarashi_mushi;01ball_base","0;1;0;1;1","","","","","0;0;1;1;2",""
2800,280,100,120,True,True,0,"","10hachi_ueki","0","","","","","",""
2810,281,100,80,True,True,0,"","00kihon_suwari;00kihon_tachi;00kihon_tachi;10hachi_nabe","0;0;1;0","","","","","0;0;0;1",""
2811,281,100,75,True,True,0,"","00kihon_nesoberi;112","0;1","","","","","",""
2820,282,100,80,True,True,0,"","10hachi_ueki","0","","","","","",""
2830,283,100,80,True,True,0,"","10hachi_ueki","0","","","","","",""
2840,284,100,80,True,True,0,"","10hachi_ueki","0","","","","","",""
2850,285,100,150,True,True,0,"","10hachi_ueki","0","","","","","",""
2860,286,100,150,True,True,0,"","10hachi_ueki","0","","","","","",""
2870,287,100,150,True,True,0,"","10hachi_ueki","0","","","","","",""
2880,288,100,100,True,True,0,"","10hachi_ueki","0","","","","","",""
2890,289,100,70,True,True,0,"","10hachi_ueki","0","","","","","",""
2900,290,100,70,True,True,0,"","10hachi_ueki","0","","","","","",""
2910,291,100,70,True,True,0,"","10hachi_ueki","0","","","","","",""
2920,292,100,100,True,True,0,"","10hachi_ueki","0","","","","","",""
2930,293,100,70,True,True,0,"","00kihon_nesoberi;00kihon_nesoberi;00kihon_nesoberi;00kihon_suwari;00kihon_suwari;00kihon_tachi","0;1;2;0;1;1","","","","","",""
2931,293,100,70,True,True,0,"","00kihon_nesoberi;00kihon_nesoberi;00kihon_nesoberi;00kihon_suwari;00kihon_suwari;00kihon_tachi","0;1;2;0;1;1","","","","","",""
2940,294,100,100,True,True,0,"","10hachi_kingyo;10hachi_kingyo","0;1","","","","","0;1",""
2950,295,100,100,True,True,0,"","10hachi_kingyo","0","","","","","",""
2960,296,100,100,True,True,0,"","15bin_hana;111","0;1","","","","","",""
2970,297,100,90,True,True,0,"","15bin_hana","0","","","","","",""
2980,298,100,100,True,True,0,"1","00kihon_suwari","0","","","","","",""
2981,298,100,100,True,True,0,"0","02danbo_s_hat;115","0;0","","","","","1;-1",""
2990,299,100,70,True,True,0,"","00kihon_nesoberi;00kihon_nesoberi;00kihon_suwari","0;1;0","","","","","",""
3000,300,100,70,True,True,0,"","00kihon_nesoberi;00kihon_nesoberi;00kihon_nesoberi","0;1;2","","","","","",""
3010,301,100,70,True,True,0,"","00kihon_nesoberi;00kihon_nesoberi;00kihon_nesoberi","0;1;2","","","","","",""
3020,302,100,70,True,True,0,"","00kihon_nesoberi;00kihon_nesoberi;00kihon_nesoberi","0;1;2","","","","","",""
3030,303,100,70,True,True,0,"","00kihon_nesoberi;00kihon_nesoberi;00kihon_nesoberi","0;1;2","","","","","",""
3040,304,100,100,True,True,0,"","01ball_gum_break","1","","neko_walk","1","","",""
3050,305,100,100,True,True,0,"","00kihon_kaodashi","1","","","","","",""
3060,306,100,100,True,True,0,"","06jarashi_mushi","2","","","","","",""
50000,5000,100,100,False,False,0,"","","","","","","","",""
50010,5001,100,100,False,False,0,"","00kihon_nesoberi;00kihon_nesoberi;00kihon_nesoberi;00kihon_suwari;00kihon_tachi;00kihon_tachi","0;1;2;0;0;1","","","","","",""
